student_id,problem_id,difficulty,correctness_rate,runtime_ms,attempts,complexity_score,prev_difficulty,prev_difficulty_ord,label,train_test_split
S011,helloWorld,medium,0.25,250.0,4,0,,-1,0,TRAIN
S011,doubleX,easy,1.0,250.0,1,0,medium,1,0,TRAIN
S011,raiseToPower,easy,1.0,250.0,1,0,easy,0,0,TRAIN
S011,convertToDegrees,easy,1.0,250.0,1,0,easy,0,1,TRAIN
S011,isPunctuation,hard,0.0,250.0,3,0,easy,0,0,TRAIN
S011,findRoot,easy,0.0,250.0,1,0,hard,2,0,TRAIN
S011,intToFloat,easy,1.0,250.0,1,0,easy,0,0,TRAIN
S011,leftoverCandy,easy,1.0,250.0,1,0,easy,0,1,TRAIN
S011,howManyEggCartons,hard,1.0,250.0,1,0,easy,0,0,TRAIN
S011,backwardsCombine,easy,1.0,250.0,1,0,hard,2,0,TRAIN
S011,singlePigLatin,medium,0.5,250.0,4,1,easy,0,0,TRAIN
S011,hasTwoDigits,medium,0.5,250.0,2,0,medium,1,0,TRAIN
S011,overNineThousand,easy,1.0,250.0,1,0,medium,1,0,TRAIN
S011,canDrinkAlcohol,medium,0.3333333333333333,250.0,3,0,easy,0,1,TRAIN
S011,isEvenPositiveInt,hard,1.0,250.0,2,0,medium,1,0,TRAIN
S011,isSubstring,medium,0.8,250.0,5,0,hard,2,1,TRAIN
S011,sumOfDigits,hard,0.0,250.0,2,1,medium,1,0,TRAIN
S014,helloWorld,medium,0.5,250.0,2,0,,-1,0,TRAIN
S014,raiseToPower,easy,1.0,250.0,1,0,medium,1,0,TRAIN
S014,convertToDegrees,easy,0.5,250.0,2,0,easy,0,1,TRAIN
S014,intToFloat,easy,1.0,250.0,1,0,hard,2,0,TRAIN
S014,leftoverCandy,easy,0.5,250.0,2,0,easy,0,1,TRAIN
S020,helloWorld,medium,0.16666666666666666,250.0,6,0,,-1,0,TRAIN
S020,doubleX,easy,1.0,250.0,1,0,medium,1,0,TRAIN
S020,convertToDegrees,easy,1.0,250.0,1,0,easy,0,1,TRAIN
S020,isPunctuation,hard,0.0,250.0,18,1,easy,0,0,TRAIN
S020,findRoot,easy,1.0,250.0,1,0,hard,2,0,TRAIN
S020,intToFloat,easy,1.0,250.0,1,0,easy,0,1,TRAIN
S020,howManyEggCartons,hard,0.0,250.0,3,0,easy,0,0,TRAIN
S020,leftoverCandy,easy,1.0,250.0,1,0,hard,2,1,TRAIN
S020,nearestBusStop,hard,0.16666666666666666,250.0,6,0,hard,2,0,TRAIN
S020,backwardsCombine,easy,1.0,250.0,1,0,hard,2,0,TRAIN
S020,firstAndLast,medium,0.5,250.0,2,0,easy,0,0,TRAIN
S034,helloWorld,medium,0.25,250.0,4,0,,-1,0,TRAIN
S049,helloWorld,medium,1.0,250.0,1,0,,-1,0,TRAIN
S049,doubleX,easy,1.0,250.0,1,0,medium,1,0,TRAIN
S049,raiseToPower,easy,1.0,250.0,1,0,easy,0,0,TRAIN
S049,convertToDegrees,easy,0.25,250.0,4,0,easy,0,1,TRAIN
S049,isPunctuation,hard,0.5,250.0,2,0,easy,0,0,TRAIN
S049,intToFloat,easy,1.0,250.0,1,0,hard,2,0,TRAIN
S049,leftoverCandy,easy,0.14285714285714285,250.0,7,0,easy,0,1,TRAIN
S053,helloWorld,medium,1.0,250.0,1,0,,-1,0,TRAIN
S053,doubleX,easy,1.0,250.0,1,0,medium,1,0,TRAIN
S053,raiseToPower,easy,1.0,250.0,1,0,easy,0,0,TRAIN
S053,convertToDegrees,easy,0.5,250.0,2,0,easy,0,1,TRAIN
S053,isPunctuation,hard,0.0,250.0,5,0,easy,0,0,TRAIN
S053,findRoot,easy,0.5,250.0,4,0,hard,2,0,TRAIN
S053,intToFloat,easy,0.5,250.0,2,0,easy,0,0,TRAIN
S053,leftoverCandy,easy,0.5,250.0,2,0,easy,0,1,TRAIN
S053,howManyEggCartons,hard,0.0,250.0,8,0,easy,0,1,TRAIN
S053,kthDigit,hard,0.25,250.0,4,0,hard,2,0,TRAIN
S053,backwardsCombine,easy,1.0,250.0,1,0,hard,2,0,TRAIN
S053,firstAndLast,medium,1.0,250.0,1,0,easy,0,0,TRAIN
S053,singlePigLatin,medium,0.125,250.0,8,0,medium,1,0,TRAIN
S053,overNineThousand,easy,1.0,250.0,1,0,medium,1,0,TRAIN
S053,hasTwoDigits,medium,1.0,250.0,1,0,easy,0,0,TRAIN
S053,canDrinkAlcohol,medium,0.5,250.0,2,0,medium,1,1,TRAIN
S053,isEvenPositiveInt,hard,0.05555555555555555,250.0,18,0,medium,1,0,TRAIN
S053,isSubstring,medium,1.0,250.0,1,0,hard,2,1,TRAIN
S053,createNumberBlock,hard,0.0,250.0,3,2,medium,1,0,TRAIN
S053,castString,easy,0.5,250.0,2,0,hard,2,0,TRAIN
S053,stockChange,easy,1.0,250.0,1,0,easy,0,1,TRAIN
S053,anyLowercase,hard,0.0,250.0,6,1,easy,0,0,TRAIN
S053,isPrime,medium,1.0,250.0,1,1,hard,2,0,TRAIN
S053,middleElement,easy,0.125,250.0,8,0,medium,1,1,TRAIN
S053,reduceToPositive,hard,0.0,250.0,7,1,easy,0,0,TRAIN
S054,helloWorld,medium,0.5,250.0,2,0,,-1,0,TRAIN
S054,doubleX,easy,1.0,250.0,1,0,medium,1,0,TRAIN
S054,raiseToPower,easy,0.5,250.0,2,0,easy,0,1,TRAIN
S054,isPunctuation,hard,0.0,250.0,5,0,easy,0,0,TRAIN
S054,intToFloat,easy,1.0,250.0,1,0,hard,2,0,TRAIN
S054,leftoverCandy,easy,1.0,250.0,1,0,easy,0,1,TRAIN
S062,raiseToPower,easy,0.5,250.0,2,0,,-1,0,TRAIN
S062,convertToDegrees,easy,0.0,250.0,2,0,easy,0,0,TRAIN
S062,intToFloat,easy,0.0,250.0,1,0,easy,0,0,TRAIN
S062,leftoverCandy,easy,0.3333333333333333,250.0,3,0,easy,0,1,TRAIN
S062,howManyEggCartons,hard,0.0,250.0,6,0,easy,0,1,TRAIN
S072,helloWorld,medium,0.5,250.0,2,0,,-1,0,TRAIN
S072,doubleX,easy,1.0,250.0,1,0,medium,1,0,TRAIN
S072,raiseToPower,easy,1.0,250.0,1,0,easy,0,0,TRAIN
S072,convertToDegrees,easy,0.2857142857142857,250.0,7,0,easy,0,1,TRAIN
S072,isPunctuation,hard,0.0,250.0,2,0,easy,0,0,TRAIN
S072,findRoot,easy,1.0,250.0,1,0,hard,2,0,TRAIN
S072,intToFloat,easy,1.0,250.0,1,0,easy,0,0,TRAIN
S072,leftoverCandy,easy,1.0,250.0,1,0,easy,0,1,TRAIN
S072,nearestBusStop,hard,0.5,250.0,2,0,easy,0,0,TRAIN
S072,backwardsCombine,easy,1.0,250.0,1,0,hard,2,0,TRAIN
S072,firstAndLast,medium,1.0,250.0,1,0,easy,0,0,TRAIN
S072,singlePigLatin,medium,0.3333333333333333,250.0,3,0,medium,1,0,TRAIN
S072,overNineThousand,easy,1.0,250.0,1,0,medium,1,0,TRAIN
S072,hasTwoDigits,medium,0.5,250.0,2,0,easy,0,0,TRAIN
S072,canDrinkAlcohol,medium,0.25,250.0,4,0,medium,1,0,TRAIN
S072,isSubstring,medium,0.2,250.0,5,0,medium,1,1,TRAIN
S072,oneToN,hard,0.5,250.0,2,1,medium,1,0,TRAIN
S072,carefulSquareRoot,easy,0.16666666666666666,250.0,6,0,hard,2,0,TRAIN
S072,castString,easy,0.5,250.0,2,0,easy,0,0,TRAIN
S089,raiseToPower,easy,1.0,250.0,1,0,,-1,0,TRAIN
S089,intToFloat,easy,1.0,250.0,1,0,easy,0,1,TRAIN
S089,howManyEggCartons,hard,0.0,250.0,10,0,easy,0,0,TRAIN
S089,leftoverCandy,easy,1.0,250.0,1,0,hard,2,1,TRAIN
S089,nearestBusStop,hard,0.0,250.0,2,0,easy,0,0,TRAIN
S089,backwardsCombine,easy,0.2,250.0,5,0,hard,2,0,TRAIN
S089,firstAndLast,medium,0.0,250.0,25,0,easy,0,0,TRAIN
S089,overNineThousand,easy,1.0,250.0,1,0,medium,1,0,TRAIN
S089,helloWorld,medium,1.0,250.0,1,0,easy,0,0,TRAIN
S089,doubleX,easy,1.0,250.0,1,0,medium,1,0,TRAIN
S110,helloWorld,medium,1.0,250.0,1,0,,-1,0,TRAIN
S110,doubleX,easy,1.0,250.0,1,0,medium,1,0,TRAIN
S110,raiseToPower,easy,0.6666666666666666,250.0,3,0,easy,0,1,TRAIN
S110,isPunctuation,hard,0.0,250.0,2,0,easy,0,0,TRAIN
S110,leftoverCandy,easy,1.0,250.0,1,0,hard,2,0,TRAIN
S127,helloWorld,medium,0.5,250.0,2,0,,-1,0,TRAIN
S127,doubleX,easy,1.0,250.0,1,0,medium,1,0,TRAIN
S127,raiseToPower,easy,1.0,250.0,1,0,easy,0,0,TRAIN
S127,convertToDegrees,easy,0.0,250.0,2,0,easy,0,0,TRAIN
S127,findRoot,easy,1.0,250.0,1,0,easy,0,0,TRAIN
S127,intToFloat,easy,1.0,250.0,1,0,easy,0,1,TRAIN
S127,howManyEggCartons,hard,0.0,250.0,4,0,easy,0,0,TRAIN
S127,leftoverCandy,easy,1.0,250.0,1,0,hard,2,0,TRAIN
S127,singlePigLatin,medium,0.5,250.0,2,0,easy,0,0,TRAIN
S127,hasTwoDigits,medium,0.25,250.0,4,0,medium,1,0,TRAIN
S127,isPrime,medium,0.5,250.0,2,1,medium,1,1,TRAIN
S132,helloWorld,medium,0.3333333333333333,250.0,3,0,,-1,0,TRAIN
S132,doubleX,easy,1.0,250.0,1,0,medium,1,0,TRAIN
S132,raiseToPower,easy,1.0,250.0,1,0,easy,0,0,TRAIN
S132,convertToDegrees,easy,1.0,250.0,1,0,easy,0,1,TRAIN
S132,isPunctuation,hard,0.0,250.0,13,0,easy,0,0,TRAIN
S132,findRoot,easy,0.0,250.0,2,0,hard,2,0,TRAIN
S132,intToFloat,easy,1.0,250.0,1,0,easy,0,0,TRAIN
S132,leftoverCandy,easy,0.5,250.0,4,0,easy,0,1,TRAIN
S132,howManyEggCartons,hard,0.125,250.0,8,0,easy,0,0,TRAIN
S132,backwardsCombine,easy,1.0,250.0,1,0,hard,2,0,TRAIN
S132,singlePigLatin,medium,0.0,250.0,8,0,easy,0,0,TRAIN
S132,overNineThousand,easy,1.0,250.0,1,0,medium,1,0,TRAIN
S139,doubleX,easy,1.0,250.0,1,0,,-1,0,TRAIN
S139,helloWorld,medium,1.0,250.0,1,0,easy,0,0,TRAIN
S148,doubleX,easy,1.0,250.0,1,0,,-1,0,TRAIN
S148,helloWorld,medium,1.0,250.0,1,0,easy,0,0,TRAIN
S148,raiseToPower,easy,1.0,250.0,1,0,medium,1,0,TRAIN
S150,helloWorld,medium,0.5,250.0,2,0,,-1,0,TRAIN
S150,raiseToPower,easy,0.16666666666666666,250.0,6,0,medium,1,0,TRAIN
S150,convertToDegrees,easy,0.0,250.0,3,0,easy,0,1,TRAIN
S150,isPunctuation,hard,0.0,250.0,2,0,easy,0,0,TRAIN
S150,findRoot,easy,0.5,250.0,2,0,hard,2,0,TRAIN
S150,intToFloat,easy,1.0,250.0,1,0,easy,0,0,TRAIN
S150,leftoverCandy,easy,0.25,250.0,4,0,easy,0,1,TRAIN
S150,howManyEggCartons,hard,0.0,250.0,11,0,easy,0,1,TRAIN
S150,kthDigit,hard,0.5,250.0,2,0,hard,2,0,TRAIN
S150,backwardsCombine,easy,0.16666666666666666,250.0,6,0,hard,2,0,TRAIN
S150,singlePigLatin,medium,0.0,250.0,9,0,easy,0,0,TRAIN
S150,firstAndLast,medium,0.16666666666666666,250.0,6,0,medium,1,0,TRAIN
S150,overNineThousand,easy,1.0,250.0,1,0,medium,1,0,TRAIN
S150,hasTwoDigits,medium,0.3333333333333333,250.0,3,0,easy,0,0,TRAIN
S150,canDrinkAlcohol,medium,0.2,250.0,5,0,medium,1,1,TRAIN
S150,isEvenPositiveInt,hard,0.2,250.0,5,0,medium,1,1,TRAIN
S150,nearestBusStop,hard,0.0,250.0,1,1,hard,2,0,TRAIN
S150,carefulSquareRoot,easy,1.0,250.0,1,0,hard,2,0,TRAIN
S150,middleElement,easy,0.5,250.0,2,0,easy,0,0,TRAIN
S150,isSubstring,medium,0.1,250.0,20,0,easy,0,1,TRAIN
S150,sumOfDigits,hard,0.0,250.0,11,1,medium,1,1,TRAIN
S150,createNumberBlock,hard,0.0,250.0,3,2,hard,2,1,TRAIN
S150,reduceToPositive,hard,1.0,250.0,1,1,hard,2,1,TRAIN
S150,anyLowercase,hard,0.0,250.0,12,1,hard,2,0,TRAIN
S150,factorial,easy,0.6666666666666666,250.0,3,2,medium,1,0,TRAIN
S170,helloWorld,medium,0.25,250.0,4,0,,-1,0,TRAIN
S170,doubleX,easy,1.0,250.0,1,0,medium,1,0,TRAIN
S170,raiseToPower,easy,1.0,250.0,1,0,easy,0,1,TRAIN
S170,isPunctuation,hard,0.0,250.0,7,0,easy,0,0,TRAIN
S170,findRoot,easy,0.0,250.0,1,0,hard,2,0,TRAIN
S170,intToFloat,easy,0.5,250.0,2,0,easy,0,0,TRAIN
S170,leftoverCandy,easy,1.0,250.0,1,0,easy,0,1,TRAIN
S170,howManyEggCartons,hard,0.5,250.0,2,0,easy,0,1,TRAIN
S170,kthDigit,hard,0.2,250.0,5,0,hard,2,0,TRAIN
S170,singlePigLatin,medium,0.3333333333333333,250.0,3,0,easy,0,0,TRAIN
S170,overNineThousand,easy,1.0,250.0,1,0,medium,1,0,TRAIN
S170,hasTwoDigits,medium,0.5,250.0,2,0,easy,0,0,TRAIN
S170,canDrinkAlcohol,medium,0.25,250.0,4,0,medium,1,1,TRAIN
S170,isEvenPositiveInt,hard,0.0,250.0,1,0,medium,1,0,TRAIN
S170,factorial,easy,0.125,250.0,8,2,hard,2,0,TRAIN
S170,fibonacci,medium,0.5,250.0,2,3,easy,0,1,TRAIN
S175,helloWorld,medium,1.0,250.0,1,0,,-1,0,TRAIN
S175,intToFloat,easy,1.0,250.0,1,0,medium,1,0,TRAIN
S175,firstAndLast,medium,1.0,250.0,1,0,easy,0,0,TRAIN
S175,singlePigLatin,medium,0.16666666666666666,250.0,6,0,medium,1,0,TRAIN
S180,helloWorld,medium,0.0,250.0,10,0,,-1,0,TRAIN
S180,doubleX,easy,1.0,250.0,1,0,medium,1,0,TRAIN
S187,helloWorld,medium,1.0,250.0,1,0,,-1,0,TRAIN
S187,doubleX,easy,1.0,250.0,1,0,medium,1,0,TRAIN
S187,raiseToPower,easy,1.0,250.0,1,0,easy,0,0,TRAIN
S187,convertToDegrees,easy,0.0,250.0,1,0,easy,0,0,TRAIN
S187,intToFloat,easy,1.0,250.0,1,0,easy,0,0,TRAIN
S187,leftoverCandy,easy,0.5,250.0,2,0,easy,0,0,TRAIN
S187,backwardsCombine,easy,1.0,250.0,1,0,easy,0,0,TRAIN
S187,firstAndLast,medium,0.0,250.0,4,0,easy,0,0,TRAIN
S187,canDrinkAlcohol,medium,0.3333333333333333,250.0,3,0,medium,1,0,TRAIN
S187,isSubstring,medium,0.0,250.0,7,0,medium,1,1,TRAIN
S194,helloWorld,medium,1.0,250.0,1,0,,-1,0,TRAIN
S194,doubleX,easy,1.0,250.0,1,0,medium,1,0,TRAIN
S194,raiseToPower,easy,1.0,250.0,1,0,easy,0,0,TRAIN
S201,helloWorld,medium,0.5,250.0,2,0,,-1,0,TRAIN
S201,doubleX,easy,1.0,250.0,1,0,medium,1,0,TRAIN
S201,raiseToPower,easy,1.0,250.0,1,0,easy,0,0,TRAIN
S201,convertToDegrees,easy,1.0,250.0,1,0,easy,0,1,TRAIN
S207,helloWorld,medium,0.1111111111111111,250.0,9,0,,-1,0,TRAIN
S207,doubleX,easy,1.0,250.0,1,0,medium,1,0,TRAIN
S207,raiseToPower,easy,1.0,250.0,1,0,easy,0,0,TRAIN
S207,convertToDegrees,easy,0.5,250.0,2,0,easy,0,1,TRAIN
S207,isPunctuation,hard,0.0,250.0,1,0,easy,0,0,TRAIN
S207,intToFloat,easy,0.0,250.0,1,0,hard,2,0,TRAIN
S211,helloWorld,medium,1.0,250.0,1,0,,-1,0,TRAIN
S211,doubleX,easy,1.0,250.0,1,0,medium,1,0,TRAIN
S211,raiseToPower,easy,1.0,250.0,1,0,easy,0,0,TRAIN
S211,convertToDegrees,easy,0.5,250.0,2,0,easy,0,1,TRAIN
S211,isPunctuation,hard,0.25,250.0,8,0,easy,0,0,TRAIN
S211,findRoot,easy,0.5,250.0,2,0,hard,2,0,TRAIN
S211,intToFloat,easy,1.0,250.0,1,0,easy,0,0,TRAIN
S211,leftoverCandy,easy,1.0,250.0,1,0,easy,0,1,TRAIN
S211,howManyEggCartons,hard,0.0,250.0,7,0,easy,0,0,TRAIN
S211,backwardsCombine,easy,0.25,250.0,8,0,hard,2,0,TRAIN
S211,firstAndLast,medium,0.3333333333333333,250.0,3,0,easy,0,0,TRAIN
S211,overNineThousand,easy,0.5,250.0,2,0,medium,1,0,TRAIN
S211,hasTwoDigits,medium,1.0,250.0,1,0,easy,0,0,TRAIN
S211,canDrinkAlcohol,medium,0.3333333333333333,250.0,3,0,medium,1,0,TRAIN
S211,isSubstring,medium,0.2,250.0,5,0,medium,1,1,TRAIN
S331,helloWorld,medium,0.5,250.0,2,0,,-1,0,TRAIN
S331,doubleX,easy,1.0,250.0,1,0,medium,1,0,TRAIN
S334,helloWorld,medium,0.09090909090909091,250.0,11,0,,-1,0,TRAIN
S334,raiseToPower,easy,1.0,250.0,1,0,medium,1,0,TRAIN
S334,doubleX,easy,1.0,250.0,1,0,easy,0,0,TRAIN
S372,helloWorld,medium,1.0,250.0,1,0,,-1,0,TRAIN
S372,doubleX,easy,1.0,250.0,1,0,medium,1,0,TRAIN
S372,raiseToPower,easy,0.5,250.0,2,0,easy,0,0,TRAIN
S372,convertToDegrees,easy,0.5,250.0,2,0,easy,0,0,TRAIN
S372,findRoot,easy,0.5,250.0,2,0,easy,0,0,TRAIN
S372,intToFloat,easy,1.0,250.0,1,0,easy,0,0,TRAIN
S372,leftoverCandy,easy,1.0,250.0,1,0,easy,0,1,TRAIN
S372,nearestBusStop,hard,0.0,250.0,4,0,easy,0,0,TRAIN
S372,hasTwoDigits,medium,1.0,250.0,1,0,hard,2,0,TRAIN
S372,overNineThousand,easy,1.0,250.0,1,0,medium,1,0,TRAIN
S372,canDrinkAlcohol,medium,0.3333333333333333,250.0,6,0,easy,0,1,TRAIN
S372,isEvenPositiveInt,hard,1.0,250.0,1,0,medium,1,0,TRAIN
S372,carefulSquareRoot,easy,0.0,250.0,1,0,hard,2,0,TRAIN
S372,backwardsCombine,easy,1.0,250.0,1,0,easy,0,0,TRAIN
S372,firstAndLast,medium,1.0,250.0,1,0,easy,0,1,TRAIN
S372,isPunctuation,hard,1.0,250.0,1,0,medium,1,0,TRAIN
S372,singlePigLatin,medium,1.0,250.0,1,0,medium,1,1,TRAIN
S372,anyLowercase,hard,0.2,250.0,5,1,medium,1,0,TRAIN
S378,helloWorld,medium,1.0,250.0,1,0,,-1,0,TRAIN
S397,helloWorld,medium,0.5,250.0,2,0,,-1,0,TRAIN
S399,helloWorld,medium,1.0,250.0,1,0,,-1,0,TRAIN
S399,raiseToPower,easy,0.25,250.0,4,0,medium,1,0,TRAIN
S399,doubleX,easy,1.0,250.0,1,0,easy,0,0,TRAIN
S399,convertToDegrees,easy,0.3333333333333333,250.0,3,0,easy,0,0,TRAIN
S399,findRoot,easy,0.0,250.0,3,0,easy,0,0,TRAIN
S399,intToFloat,easy,1.0,250.0,1,0,easy,0,0,TRAIN
S399,leftoverCandy,easy,1.0,250.0,1,0,easy,0,1,TRAIN
S399,howManyEggCartons,hard,1.0,250.0,1,0,easy,0,1,TRAIN
S399,kthDigit,hard,0.1,250.0,10,0,hard,2,0,TRAIN
S399,hasTwoDigits,medium,1.0,250.0,1,0,hard,2,0,TRAIN
S399,overNineThousand,easy,1.0,250.0,1,0,medium,1,0,TRAIN
S399,canDrinkAlcohol,medium,1.0,250.0,1,0,easy,0,1,TRAIN
S399,isEvenPositiveInt,hard,0.25,250.0,4,0,medium,1,0,TRAIN
S399,carefulSquareRoot,easy,1.0,250.0,1,0,hard,2,0,TRAIN
S430,helloWorld,medium,0.125,250.0,8,0,,-1,0,TRAIN
S430,doubleX,easy,0.6666666666666666,250.0,3,0,medium,1,0,TRAIN
S430,raiseToPower,easy,1.0,250.0,1,0,easy,0,0,TRAIN
S430,convertToDegrees,easy,1.0,250.0,1,0,easy,0,0,TRAIN
S430,findRoot,easy,1.0,250.0,1,0,easy,0,0,TRAIN
S430,intToFloat,easy,1.0,250.0,1,0,easy,0,0,TRAIN
S430,leftoverCandy,easy,1.0,250.0,1,0,easy,0,1,TRAIN
S430,howManyEggCartons,hard,1.0,250.0,1,0,easy,0,1,TRAIN
S430,kthDigit,hard,0.5,250.0,2,0,hard,2,0,TRAIN
S430,overNineThousand,easy,0.5,250.0,2,0,hard,2,0,TRAIN
S444,helloWorld,medium,0.25,250.0,4,0,,-1,0,TRAIN
S444,doubleX,easy,1.0,250.0,1,0,medium,1,0,TRAIN
S444,raiseToPower,easy,1.0,250.0,1,0,easy,0,0,TRAIN
S454,helloWorld,medium,1.0,250.0,1,0,,-1,0,TRAIN
S454,doubleX,easy,1.0,250.0,1,0,medium,1,0,TRAIN
S454,raiseToPower,easy,0.5,250.0,2,0,easy,0,0,TRAIN
S454,convertToDegrees,easy,0.5,250.0,2,0,easy,0,0,TRAIN
S454,findRoot,easy,0.0,250.0,3,0,easy,0,0,TRAIN
S454,intToFloat,easy,1.0,250.0,1,0,easy,0,0,TRAIN
S454,leftoverCandy,easy,0.5,250.0,2,0,easy,0,1,TRAIN
S454,howManyEggCartons,hard,0.06666666666666667,250.0,15,0,easy,0,1,TRAIN
S454,kthDigit,hard,1.0,250.0,1,0,hard,2,1,TRAIN
S454,nearestBusStop,hard,1.0,250.0,1,0,hard,2,0,TRAIN
S469,helloWorld,medium,0.2,250.0,5,0,,-1,0,TRAIN
S469,doubleX,easy,1.0,250.0,1,0,medium,1,0,TRAIN
S469,raiseToPower,easy,1.0,250.0,1,0,easy,0,0,TRAIN
S469,convertToDegrees,easy,0.0,250.0,2,0,easy,0,0,TRAIN
S469,findRoot,easy,0.0,250.0,1,0,easy,0,0,TRAIN
S469,intToFloat,easy,1.0,250.0,1,0,easy,0,0,TRAIN
S469,leftoverCandy,easy,1.0,250.0,1,0,easy,0,1,TRAIN
S496,doubleX,easy,1.0,250.0,1,0,,-1,0,TRAIN
S496,helloWorld,medium,1.0,250.0,1,0,easy,0,0,TRAIN
S496,raiseToPower,easy,1.0,250.0,1,0,medium,1,0,TRAIN
S496,convertToDegrees,easy,1.0,250.0,1,0,easy,0,0,TRAIN
S496,findRoot,easy,1.0,250.0,1,0,easy,0,0,TRAIN
S496,intToFloat,easy,1.0,250.0,1,0,easy,0,1,TRAIN
S496,howManyEggCartons,hard,0.125,250.0,8,0,easy,0,0,TRAIN
S496,leftoverCandy,easy,1.0,250.0,1,0,hard,2,1,TRAIN
S496,kthDigit,hard,0.5,250.0,2,0,easy,0,1,TRAIN
S496,nearestBusStop,hard,0.5,250.0,2,0,hard,2,0,TRAIN
S496,overNineThousand,easy,1.0,250.0,1,0,hard,2,0,TRAIN
S496,hasTwoDigits,medium,0.14285714285714285,250.0,7,0,easy,0,0,TRAIN
S496,canDrinkAlcohol,medium,0.5,250.0,2,0,medium,1,1,TRAIN
S496,isEvenPositiveInt,hard,0.5,250.0,2,0,medium,1,0,TRAIN
S496,carefulSquareRoot,easy,1.0,250.0,1,0,hard,2,0,TRAIN
S496,castString,easy,0.5,250.0,2,0,easy,0,0,TRAIN
S496,stockChange,easy,1.0,250.0,1,0,easy,0,0,TRAIN
S508,doubleX,easy,1.0,250.0,1,0,,-1,0,TRAIN
S508,helloWorld,medium,1.0,250.0,1,0,easy,0,0,TRAIN
S508,raiseToPower,easy,1.0,250.0,1,0,medium,1,0,TRAIN
S508,convertToDegrees,easy,0.0,250.0,1,0,easy,0,0,TRAIN
S508,findRoot,easy,0.0,250.0,1,0,easy,0,0,TRAIN
S508,intToFloat,easy,1.0,250.0,1,0,easy,0,0,TRAIN
S508,leftoverCandy,easy,0.5,250.0,2,0,easy,0,1,TRAIN
S523,leftoverCandy,easy,1.0,250.0,1,0,easy,0,1,TRAIN
S523,createNumberBlock,hard,0.0,250.0,3,2,easy,0,1,TRAIN
S523,anyLowercase,hard,0.5,250.0,2,1,hard,2,0,TRAIN
S534,helloWorld,medium,1.0,250.0,1,0,,-1,0,TRAIN
S534,doubleX,easy,1.0,250.0,1,0,medium,1,0,TRAIN
S534,raiseToPower,easy,1.0,250.0,1,0,easy,0,0,TRAIN
S534,convertToDegrees,easy,1.0,250.0,1,0,easy,0,0,TRAIN
S534,findRoot,easy,0.3333333333333333,250.0,3,0,easy,0,0,TRAIN
S534,intToFloat,easy,1.0,250.0,1,0,easy,0,0,TRAIN
S534,leftoverCandy,easy,1.0,250.0,1,0,easy,0,1,TRAIN
S534,howManyEggCartons,hard,0.5,250.0,2,0,easy,0,1,TRAIN
S534,kthDigit,hard,1.0,250.0,1,0,hard,2,1,TRAIN
S534,nearestBusStop,hard,0.16666666666666666,250.0,6,0,hard,2,0,TRAIN
S534,overNineThousand,easy,0.5,250.0,2,0,hard,2,0,TRAIN
S534,hasTwoDigits,medium,1.0,250.0,1,0,easy,0,0,TRAIN
S534,canDrinkAlcohol,medium,1.0,250.0,1,0,medium,1,0,TRAIN
S534,carefulSquareRoot,easy,1.0,250.0,1,0,medium,1,1,TRAIN
S534,isEvenPositiveInt,hard,1.0,250.0,1,0,easy,0,0,TRAIN
S534,castString,easy,1.0,250.0,1,0,hard,2,0,TRAIN
S534,stockChange,easy,1.0,250.0,1,0,easy,0,0,TRAIN
S534,isPrime,medium,0.16666666666666666,250.0,6,1,easy,0,1,TRAIN
S534,sumOfDigits,hard,0.25,250.0,4,1,medium,1,1,TRAIN
S534,createNumberBlock,hard,0.0,250.0,8,2,hard,2,0,TRAIN
S534,backwardsCombine,easy,1.0,250.0,1,0,hard,2,0,TRAIN
S534,firstAndLast,medium,0.5,250.0,2,0,easy,0,1,TRAIN
S534,isPunctuation,hard,0.0,250.0,3,0,medium,1,0,TRAIN
S535,helloWorld,medium,1.0,250.0,1,0,,-1,0,TRAIN
S535,doubleX,easy,1.0,250.0,1,0,medium,1,0,TRAIN
S535,raiseToPower,easy,1.0,250.0,1,0,easy,0,0,TRAIN
S535,convertToDegrees,easy,0.5,250.0,2,0,easy,0,0,TRAIN
S535,findRoot,easy,1.0,250.0,1,0,easy,0,0,TRAIN
S535,intToFloat,easy,1.0,250.0,1,0,easy,0,0,TRAIN
S535,leftoverCandy,easy,1.0,250.0,1,0,easy,0,1,TRAIN
S535,howManyEggCartons,hard,0.125,250.0,8,0,easy,0,1,TRAIN
S535,kthDigit,hard,0.0,250.0,85,0,hard,2,1,TRAIN
S535,nearestBusStop,hard,0.5,250.0,2,0,hard,2,0,TRAIN
S535,hasTwoDigits,medium,1.0,250.0,1,0,hard,2,0,TRAIN
S535,overNineThousand,easy,1.0,250.0,1,0,medium,1,0,TRAIN
S535,canDrinkAlcohol,medium,1.0,250.0,1,0,easy,0,1,TRAIN
S535,isEvenPositiveInt,hard,0.07142857142857142,250.0,14,0,medium,1,0,TRAIN
S535,carefulSquareRoot,easy,1.0,250.0,1,0,hard,2,0,TRAIN
S535,castString,easy,0.5,250.0,2,0,easy,0,0,TRAIN
S535,stockChange,easy,1.0,250.0,1,0,easy,0,1,TRAIN
S535,oneToN,hard,0.09090909090909091,250.0,11,1,easy,0,0,TRAIN
S535,isPrime,medium,0.3333333333333333,250.0,3,1,hard,2,1,TRAIN
S535,firstAndLast,medium,0.5,250.0,2,0,hard,2,1,TRAIN
S535,isPunctuation,hard,1.0,250.0,1,0,medium,1,0,TRAIN
S535,isSubstring,medium,0.25,250.0,4,0,hard,2,0,TRAIN
S535,singlePigLatin,medium,0.25,250.0,4,0,medium,1,1,TRAIN
S535,anyLowercase,hard,0.5,250.0,2,1,medium,1,0,TRAIN
S535,middleElement,easy,0.7142857142857143,250.0,7,0,hard,2,0,TRAIN
S535,secondHalf,medium,0.5,250.0,4,0,easy,0,1,TRAIN
S537,helloWorld,medium,0.16666666666666666,250.0,6,0,,-1,0,TRAIN
S537,doubleX,easy,0.3333333333333333,250.0,3,0,medium,1,0,TRAIN
S537,raiseToPower,easy,0.5,250.0,2,0,easy,0,0,TRAIN
S537,convertToDegrees,easy,0.3333333333333333,250.0,3,0,easy,0,0,TRAIN
S537,findRoot,easy,0.0,250.0,1,0,easy,0,0,TRAIN
S537,intToFloat,easy,1.0,250.0,1,0,easy,0,0,TRAIN
S537,leftoverCandy,easy,1.0,250.0,1,0,easy,0,1,TRAIN
S537,howManyEggCartons,hard,1.0,250.0,1,0,easy,0,1,TRAIN
S537,kthDigit,hard,0.14285714285714285,250.0,7,1,hard,2,1,TRAIN
S537,overNineThousand,easy,0.5,250.0,2,0,hard,2,0,TRAIN
S537,hasTwoDigits,medium,0.5,250.0,2,0,easy,0,0,TRAIN
S537,canDrinkAlcohol,medium,1.0,250.0,1,0,medium,1,1,TRAIN
S537,isEvenPositiveInt,hard,0.14285714285714285,250.0,7,0,medium,1,0,TRAIN
S537,carefulSquareRoot,easy,0.25,250.0,4,0,hard,2,0,TRAIN
S537,castString,easy,0.0,250.0,2,0,easy,0,0,TRAIN
S537,stockChange,easy,0.5,250.0,2,0,easy,0,1,TRAIN
S537,sumOfDigits,hard,0.5,250.0,2,1,easy,0,0,TRAIN
S537,backwardsCombine,easy,1.0,250.0,1,0,hard,2,0,TRAIN
S537,firstAndLast,medium,1.0,250.0,1,0,easy,0,0,TRAIN
S537,isSubstring,medium,1.0,250.0,2,0,medium,1,0,TRAIN
S537,singlePigLatin,medium,1.0,250.0,1,0,medium,1,1,TRAIN
S537,isPunctuation,hard,0.16666666666666666,250.0,6,0,medium,1,1,TRAIN
S537,anyLowercase,hard,0.5,250.0,2,1,hard,2,0,TRAIN
S539,helloWorld,medium,1.0,250.0,1,0,,-1,0,TRAIN
S539,doubleX,easy,1.0,250.0,1,0,medium,1,0,TRAIN
S539,raiseToPower,easy,1.0,250.0,1,0,easy,0,0,TRAIN
S539,convertToDegrees,easy,1.0,250.0,1,0,easy,0,0,TRAIN
S539,findRoot,easy,0.5,250.0,2,0,easy,0,0,TRAIN
S539,intToFloat,easy,1.0,250.0,1,0,easy,0,1,TRAIN
S539,howManyEggCartons,hard,0.5,250.0,2,0,easy,0,0,TRAIN
S539,leftoverCandy,easy,1.0,250.0,1,0,hard,2,1,TRAIN
S539,kthDigit,hard,0.16666666666666666,250.0,6,0,easy,0,1,TRAIN
S539,nearestBusStop,hard,0.2857142857142857,250.0,7,0,hard,2,0,TRAIN
S539,overNineThousand,easy,1.0,250.0,1,0,hard,2,0,TRAIN
S539,hasTwoDigits,medium,0.3333333333333333,250.0,6,0,easy,0,0,TRAIN
S539,canDrinkAlcohol,medium,0.16666666666666666,250.0,6,0,medium,1,1,TRAIN
S539,isEvenPositiveInt,hard,0.0,250.0,13,0,medium,1,0,TRAIN
S546,helloWorld,medium,0.5,250.0,2,0,hard,2,0,TRAIN
S546,doubleX,easy,1.0,250.0,1,0,medium,1,0,TRAIN
S546,raiseToPower,easy,1.0,250.0,1,0,easy,0,0,TRAIN
S546,convertToDegrees,easy,1.0,250.0,1,0,easy,0,0,TRAIN
S586,doubleX,easy,1.0,250.0,1,0,,-1,0,TRAIN
S586,helloWorld,medium,1.0,250.0,1,0,easy,0,0,TRAIN
S586,raiseToPower,easy,1.0,250.0,1,0,medium,1,0,TRAIN
S586,convertToDegrees,easy,1.0,250.0,1,0,easy,0,0,TRAIN
S586,findRoot,easy,0.0,250.0,1,0,easy,0,0,TRAIN
S586,intToFloat,easy,1.0,250.0,1,0,easy,0,0,TRAIN
S586,leftoverCandy,easy,1.0,250.0,1,0,easy,0,1,TRAIN
S586,howManyEggCartons,hard,1.0,250.0,1,0,easy,0,1,TRAIN
S586,kthDigit,hard,0.1111111111111111,250.0,9,0,hard,2,1,TRAIN
S586,nearestBusStop,hard,0.0625,250.0,16,0,hard,2,0,TRAIN
S586,overNineThousand,easy,1.0,250.0,1,0,hard,2,0,TRAIN
S586,hasTwoDigits,medium,0.5714285714285714,250.0,7,0,easy,0,0,TRAIN
S586,canDrinkAlcohol,medium,1.0,250.0,1,0,medium,1,1,TRAIN
S586,isEvenPositiveInt,hard,0.5,250.0,4,0,medium,1,0,TRAIN
S586,carefulSquareRoot,easy,1.0,250.0,1,0,hard,2,0,TRAIN
S586,castString,easy,1.0,250.0,1,0,easy,0,0,TRAIN
S592,helloWorld,medium,1.0,250.0,1,0,,-1,0,TRAIN
S592,doubleX,easy,1.0,250.0,1,0,medium,1,0,TRAIN
S592,raiseToPower,easy,1.0,250.0,1,0,easy,0,0,TRAIN
S592,convertToDegrees,easy,1.0,250.0,1,0,easy,0,0,TRAIN
S592,findRoot,easy,1.0,250.0,1,0,easy,0,0,TRAIN
S592,intToFloat,easy,1.0,250.0,1,0,easy,0,0,TRAIN
S592,leftoverCandy,easy,0.5,250.0,2,0,easy,0,1,TRAIN
S592,howManyEggCartons,hard,0.5,250.0,4,0,easy,0,1,TRAIN
S592,kthDigit,hard,0.25,250.0,4,0,hard,2,1,TRAIN
S608,doubleX,easy,1.0,250.0,1,0,,-1,0,TRAIN
S608,helloWorld,medium,0.5,250.0,2,0,easy,0,0,TRAIN
S608,raiseToPower,easy,1.0,250.0,1,0,medium,1,0,TRAIN
S608,convertToDegrees,easy,0.3333333333333333,250.0,3,0,easy,0,0,TRAIN
S608,findRoot,easy,1.0,250.0,1,0,easy,0,0,TRAIN
S608,intToFloat,easy,1.0,250.0,1,0,easy,0,0,TRAIN
S608,leftoverCandy,easy,1.0,250.0,1,0,easy,0,1,TRAIN
S608,howManyEggCartons,hard,0.3333333333333333,250.0,3,0,easy,0,1,TRAIN
S608,kthDigit,hard,0.2,250.0,5,0,hard,2,1,TRAIN
S608,nearestBusStop,hard,0.0,250.0,1,0,hard,2,0,TRAIN
S642,helloWorld,medium,1.0,250.0,1,0,,-1,0,TRAIN
S642,doubleX,easy,1.0,250.0,1,0,medium,1,0,TRAIN
S642,raiseToPower,easy,1.0,250.0,1,0,easy,0,0,TRAIN
S642,convertToDegrees,easy,1.0,250.0,1,0,easy,0,0,TRAIN
S642,findRoot,easy,0.0,250.0,2,0,easy,0,0,TRAIN
S642,intToFloat,easy,0.5,250.0,2,0,easy,0,0,TRAIN
S642,leftoverCandy,easy,0.3333333333333333,250.0,3,0,easy,0,1,TRAIN
S642,howManyEggCartons,hard,1.0,250.0,1,0,easy,0,1,TRAIN
S642,nearestBusStop,hard,0.5,250.0,2,0,hard,2,0,TRAIN
S642,hasTwoDigits,medium,1.0,250.0,1,1,hard,2,0,TRAIN
S642,canDrinkAlcohol,medium,1.0,250.0,1,0,medium,1,1,TRAIN
S642,isEvenPositiveInt,hard,0.3333333333333333,250.0,3,0,medium,1,0,TRAIN
S642,carefulSquareRoot,easy,0.5,250.0,2,0,hard,2,0,TRAIN
S642,castString,easy,1.0,250.0,1,0,easy,0,0,TRAIN
S654,helloWorld,medium,0.3333333333333333,250.0,3,0,,-1,0,TRAIN
S654,doubleX,easy,1.0,250.0,1,0,medium,1,0,TRAIN
S654,raiseToPower,easy,1.0,250.0,1,0,easy,0,0,TRAIN
S654,findRoot,easy,0.3333333333333333,250.0,3,0,easy,0,0,TRAIN
S654,intToFloat,easy,1.0,250.0,1,0,easy,0,0,TRAIN
S654,leftoverCandy,easy,1.0,250.0,1,0,easy,0,1,TRAIN
S654,howManyEggCartons,hard,1.0,250.0,1,0,easy,0,1,TRAIN
S658,doubleX,easy,1.0,250.0,1,0,,-1,0,TRAIN
S658,helloWorld,medium,1.0,250.0,1,0,easy,0,0,TRAIN
S658,raiseToPower,easy,1.0,250.0,1,0,medium,1,1,TRAIN
S658,oneToN,hard,1.0,250.0,1,1,easy,0,0,TRAIN
S658,isPrime,medium,0.3333333333333333,250.0,3,1,hard,2,1,TRAIN
S658,sumOfDigits,hard,1.0,250.0,1,1,medium,1,1,TRAIN
S658,createNumberBlock,hard,0.0,250.0,8,2,hard,2,0,TRAIN
S658,canDrinkAlcohol,medium,1.0,250.0,1,0,hard,2,0,TRAIN
S683,helloWorld,medium,0.16666666666666666,250.0,6,0,,-1,0,TRAIN
S683,doubleX,easy,1.0,250.0,1,0,medium,1,0,TRAIN
S683,raiseToPower,easy,1.0,250.0,1,0,easy,0,0,TRAIN
S683,convertToDegrees,easy,1.0,250.0,1,0,easy,0,0,TRAIN
S683,findRoot,easy,0.0,250.0,1,0,easy,0,0,TRAIN
S683,intToFloat,easy,1.0,250.0,1,0,easy,0,0,TRAIN
S683,leftoverCandy,easy,1.0,250.0,1,0,easy,0,1,TRAIN
S683,howManyEggCartons,hard,0.5,250.0,2,0,easy,0,1,TRAIN
S683,kthDigit,hard,1.0,250.0,1,0,hard,2,1,TRAIN
S683,nearestBusStop,hard,1.0,250.0,1,0,hard,2,0,TRAIN
S683,overNineThousand,easy,1.0,250.0,1,0,hard,2,0,TRAIN
S683,hasTwoDigits,medium,1.0,250.0,1,0,easy,0,0,TRAIN
S683,canDrinkAlcohol,medium,1.0,250.0,1,0,medium,1,1,TRAIN
S683,isEvenPositiveInt,hard,0.3333333333333333,250.0,3,0,medium,1,0,TRAIN
S683,carefulSquareRoot,easy,1.0,250.0,1,0,hard,2,0,TRAIN
S683,castString,easy,1.0,250.0,1,0,easy,0,0,TRAIN
S683,stockChange,easy,1.0,250.0,1,0,easy,0,1,TRAIN
S683,oneToN,hard,1.0,250.0,1,1,easy,0,0,TRAIN
S683,isPrime,medium,1.0,250.0,1,1,hard,2,1,TRAIN
S683,sumOfDigits,hard,1.0,250.0,1,1,medium,1,0,TRAIN
S683,backwardsCombine,easy,1.0,250.0,1,0,hard,2,0,TRAIN
S683,firstAndLast,medium,1.0,250.0,1,0,easy,0,1,TRAIN
S683,isPunctuation,hard,1.0,250.0,1,0,medium,1,0,TRAIN
S683,isSubstring,medium,1.0,250.0,1,0,hard,2,0,TRAIN
S683,singlePigLatin,medium,1.0,250.0,1,0,medium,1,1,TRAIN
S683,anyLowercase,hard,0.5,250.0,2,1,medium,1,0,TRAIN
S707,oneToN,hard,1.0,250.0,1,1,,-1,0,TRAIN
S720,leftoverCandy,easy,1.0,250.0,1,0,,-1,0,TRAIN
S720,doubleX,easy,1.0,250.0,1,0,easy,0,0,TRAIN
S773,helloWorld,medium,1.0,250.0,1,0,,-1,0,TRAIN
S773,doubleX,easy,1.0,250.0,1,0,medium,1,0,TRAIN
S773,raiseToPower,easy,1.0,250.0,1,0,easy,0,0,TRAIN
S773,convertToDegrees,easy,1.0,250.0,1,0,easy,0,0,TRAIN
S773,findRoot,easy,1.0,250.0,1,0,easy,0,0,TRAIN
S773,intToFloat,easy,1.0,250.0,1,0,easy,0,0,TRAIN
S773,leftoverCandy,easy,1.0,250.0,1,0,easy,0,1,TRAIN
S773,howManyEggCartons,hard,0.3333333333333333,250.0,3,0,easy,0,1,TRAIN
S773,kthDigit,hard,0.5,250.0,2,0,hard,2,1,TRAIN
